<?xml version="1.0" encoding="UTF-8"?>
<project-private xmlns="http://www.netbeans.org/ns/project-private/1">
    <editor-bookmarks xmlns="http://www.netbeans.org/ns/editor-bookmarks/2" lastBookmarkId="0"/>
    <open-files xmlns="http://www.netbeans.org/ns/projectui-open-files/2">
        <group>
            <file>file:/D:/Project/BelajarJFrame/src/belajarjframe/BelajarJFrame.java</file>
            <file>file:/D:/Project/BelajarJFrame/src/belajarjframe/Checkbox2.java</file>
            <file>file:/D:/Project/BelajarJFrame/src/belajarjframe/biodata.java</file>
            <file>file:/D:/Project/BelajarJFrame/src/belajarjframe/RBCB.java</file>
            <file>file:/D:/Project/BelajarJFrame/src/belajarjframe/Jframe_Kondisi1.java</file>
            <file>file:/D:/Project/BelajarJFrame/src/belajarjframe/radiobutton.java</file>
            <file>file:/D:/Project/BelajarJFrame/src/belajarjframe/checkbox.java</file>
            <file>file:/D:/Project/BelajarJFrame/src/belajarjframe/Jframe_Kondisi2.java</file>
        </group>
    </open-files>
</project-private>
